Step,mean_alignment
0,0.4633240035604811
1,0.46382319404755007
2,0.464354873360726
3,0.4664947609264454
4,0.468243463298855
5,0.46947376441541794
6,0.47106214478701225
7,0.4779708485753287
8,0.4793802021208247
9,0.4803231609718509
10,0.48062212684891287
11,0.4812872048313591
12,0.48183310993933937
13,0.4836812884482531
14,0.4842981485451445
15,0.4846621340512833
16,0.4848306180219455
17,0.4848158662869449
18,0.4846313261046609
19,0.48310834588984314
20,0.4827271470312461
21,0.4800960896967604
22,0.47677700109496485
23,0.47286995158192596
24,0.4697399277282781
25,0.46625610803511836
26,0.463440157525341
27,0.4619832687844282
28,0.46032841357951315
29,0.45807665410396
30,0.4566188735703324
31,0.45602649427137787
32,0.45430420616780176
33,0.4517645314893122
34,0.4500031218618492
35,0.44703707822833855
36,0.44692740300403555
37,0.44894919977169007
38,0.4508322660921684
39,0.44896028139991084
40,0.4496725493897287
41,0.45246938226284533
42,0.45594332639013396
43,0.46659170553762974
44,0.464532693564586
45,0.46268435245173367
46,0.4610076586963799
47,0.4594036620319319
48,0.45964631215838553
49,0.4623718543610545
50,0.4633737974222294
51,0.4938576651486798
52,0.49792016277381507
53,0.5006694220065735
54,0.5029100978989455
55,0.5055372923394076
56,0.5104520143168378
57,0.5166662469066872
58,0.521697955652543
59,0.5260735867732466
60,0.5300377899873062
61,0.5342747156015002
62,0.5388256637139187
63,0.5421035054187252
64,0.545190688723203
65,0.5487455548805233
66,0.5630758299696764
67,0.5872102473683524
68,0.5889301402136808
69,0.5808888457985905
70,0.5812073953136946
71,0.5815586655039872
72,0.5819199302673818
73,0.582227283949274
74,0.6063311686321271
75,0.6064279126972669
76,0.6064746391978044
77,0.6064975106180487
78,0.606490941551601
79,0.6064965747988716
80,0.6064967186994932
81,0.6065916888457631
82,0.6069083612488329
83,0.6073242593809502
84,0.6078140989159608
85,0.6082017915067658
86,0.6078746264221895
87,0.6235479859364045
88,0.634179813249354
89,0.6317960365505003
90,0.6268031486880717
91,0.6197768243437418
92,0.6147109767918407
93,0.6090025418654486
94,0.6027338763857548
95,0.6006689098723619
96,0.596528805143544
97,0.5952837447671501
98,0.6216172118383122
99,0.6219128450933029
100,0.6213771823503826
101,0.6204039362534678
102,0.6191391904244957
103,0.6099079336049862
104,0.6074251965150826
105,0.6042895188602572
106,0.6006638483495024
107,0.5982986491904034
108,0.596454053574546
109,0.5953750235865346
110,0.5961375281499709
111,0.5649358755378515
112,0.5655777005864698
113,0.5660665297074216
114,0.5665099867860454
115,0.5670562450981689
116,0.6000388258338497
117,0.5989575590252867
118,0.5968880121813095
119,0.5939680160392091
120,0.5576343078879775
121,0.554850127881076
122,0.5521669059384441
123,0.550637309535116
124,0.5495504545862753
125,0.5492449103144058
126,0.5487714095827771
127,0.5480946236697909
128,0.5473390580363376
129,0.5081542788178096
130,0.5074984554842628
131,0.4983186769356635
132,0.4980892012827616
133,0.49800567772780996
134,0.49796521666599036
135,0.49800507623696705
136,0.4980224403037705
137,0.4980312986432409
138,0.4980325407283298
139,0.49801262818448677
140,0.49798005774582826
141,0.4979624223091843
142,0.4979980348703927
143,0.4980776007808706
144,0.49818360170318315
145,0.4983719508627992
146,0.4986397508674751
147,0.49895491655723895
148,0.4993179944792124
149,0.49995736867491064
150,0.5025249652849679
151,0.5065912414638012
152,0.508891858878366
153,0.5340166840172094
154,0.5355705463656882
155,0.5352464527205819
156,0.5359786192626056
157,0.5354267446536866
158,0.535278232500679
159,0.558964691699757
160,0.5599814472300212
161,0.5612963760007
162,0.5629723691238476
163,0.566385801460876
164,0.6049268334105258
165,0.6124789453660402
166,0.6203764936458115
167,0.6272301801739394
168,0.6328306908840441
169,0.6380731475445808
170,0.6423664348164756
171,0.6462183220573409
172,0.6496975676811916
173,0.621864882785559
174,0.6230647647566013
175,0.6243680852742385
176,0.6285173176283594
177,0.633966163501366
178,0.6372282137037992
179,0.6393147689638765
180,0.642045268981579
181,0.6439226596915972
182,0.6449648248569106
183,0.6442050562702354
184,0.645004944619379
185,0.629971122400493
186,0.6298164548639984
187,0.6282341396422844
188,0.6252731791041605
189,0.6215584398809179
190,0.6182058552080698
191,0.6155490552048228
192,0.6132183264996942
193,0.6122638239380737
194,0.6117260647985244
195,0.6114127875490579
196,0.6111692145562906
197,0.6109965665420013
198,0.6108961372100572
199,0.6108486866502516
200,0.6108137636080377
201,0.6105323340360508
202,0.6091532206100518
203,0.6075240152245152
204,0.6194589417988615
205,0.6175453649783461
206,0.614891506526549
207,0.5956003752290275
208,0.5929102681078697
209,0.5904442591665089
210,0.588528398876084
211,0.5881932975083999
212,0.5879543389189463
213,0.5869746485609791
214,0.5829788499698112
215,0.5782113910233888
216,0.5747884613210542
217,0.5723727195324902
218,0.571208163562714
219,0.5714093677758081
220,0.5710922051606819
221,0.5713884656948491
222,0.5710597869165083
223,0.5703704890644412
224,0.5694766268625093
225,0.5684316276037558
226,0.5679709426272536
227,0.5681877232077454
228,0.5690168116790977
229,0.570590618060729
230,0.56979139498978
231,0.5676158916864374
232,0.5654936295890411
233,0.5652019478470292
234,0.5641688189415489
235,0.5624674664989436
236,0.5357331278301699
237,0.5340563919422552
238,0.5113341939019067
239,0.5095765570102972
240,0.5077752722720178
241,0.5019831928097435
242,0.4749637640900107
243,0.4731838398471106
244,0.46958094596919964
245,0.4683505084523891
246,0.46701455072392717
247,0.4660882436467008
248,0.46533744316660763
249,0.46468483329963967
250,0.4641589017343689
251,0.46375149967684887
252,0.48958745325452085
253,0.48904856600263263
254,0.48869656090740354
255,0.4885514024177734
256,0.4885798314167694
257,0.48862464317960874
258,0.48853786676831007
259,0.48834017534964
260,0.48807744153440924
261,0.48780330178641085
262,0.48754600875377
263,0.48731769460929847
264,0.48706939833696206
265,0.4868929978993454
266,0.4867872859119253
267,0.4866830519572378
268,0.4867210566699511
269,0.48756868542271703
270,0.48840371858711934
271,0.49010758399434046
272,0.4936727534710773
273,0.49568634520091476
274,0.49660127703348306
275,0.4980369253578325
276,0.5309318972709862
277,0.5342464283011287
278,0.5380061144573492
279,0.5405343570955818
280,0.5388551450010974
281,0.5403373325316683
282,0.5426320231677447
283,0.5443113900249259
284,0.5449758102076219
285,0.5460620234981404
286,0.5487295236522993
287,0.5535389551566158
288,0.5510294429131748
289,0.5558174064812079
290,0.5606412909994384
291,0.565305914881784
292,0.5700178273562571
293,0.5822343454507649
294,0.5860500530758354
295,0.5891170229121514
296,0.5936097762652683
297,0.5983640587090977
298,0.6035244276083047
299,0.6090141241375167
300,0.6236476749753104
301,0.6184075640760452
302,0.620145339273594
303,0.6211197121892922
304,0.6212267009761929
305,0.6225246911172466
306,0.618289762530173
307,0.6181258372544275
308,0.6172017717432106
309,0.616624785569319
310,0.6163042113715861
311,0.6157720030979944
312,0.6154221524006093
313,0.5714998819430005
314,0.5712002806661494
315,0.5710797258079882
316,0.5712029724051734
317,0.571456366190375
318,0.571759025896267
319,0.5721172198169359
320,0.5725061290083575
321,0.5729019494806643
322,0.5732762708426877
323,0.5737566387964249
324,0.5742537389947835
325,0.5747476246228301
326,0.5750142953046575
327,0.5746283511196195
328,0.5741205592108778
329,0.5733518596543501
330,0.6134643255602303
331,0.6105801313399102
332,0.6074915923315737
333,0.6027379235731243
334,0.5957478274107587
335,0.5917194333884089
336,0.5894503630566973
337,0.5860695085050369
338,0.5818466167509416
339,0.5772639827316596
340,0.5738260334472833
341,0.5709573472293971
342,0.5673951237009264
343,0.5634763893104529
344,0.5702876759219273
345,0.566828401826815
346,0.5620854604316967
347,0.55714157355096
348,0.552614987620083
349,0.5486048486767326
350,0.5445851904453792
351,0.5410956438458839
352,0.5374574490475759
353,0.5344597650923187
354,0.5338201919427484
355,0.5339395324954976
356,0.5336427658528562
357,0.5106210885262947
358,0.5068036170869884
359,0.5067173413603964
360,0.5036507906838699
361,0.5024738009828854
362,0.47702068150608135
363,0.4769288621486374
364,0.4767674611022881
365,0.4767643625004395
366,0.47675154757101373
367,0.5002673126289876
368,0.5005477820939108
369,0.5001500055154031
370,0.4996035250865019
371,0.4994757934574378
372,0.49937429751603885
373,0.49925070383293774
374,0.4992019154184028
375,0.4990858389686452
376,0.49903681359743574
377,0.4990742210055287
378,0.4990248843362616
379,0.49891015930276184
380,0.4987648969524998
381,0.4986133670115793
382,0.4984733963713506
383,0.49829893046242063
384,0.49816776504059573
385,0.49808134933760434
386,0.4979971423979437
387,0.4978989997843154
388,0.49816212501089874
389,0.49862179226198106
390,0.499909906092762
391,0.5018776400336665
392,0.5053460894259544
393,0.5106342544560983
394,0.5119369597399271
395,0.5379918259056362
396,0.5407542005002656
397,0.543828613735364
398,0.5462914030944637
399,0.5481420649484617
400,0.5478549712589345
401,0.5473497616333868
402,0.5465655947758967
403,0.5460647923244414
404,0.5456655607958533
405,0.5367647716795484
406,0.5368035855290613
407,0.5382801162090575
408,0.5426648724301004
409,0.5449244416894449
410,0.5668173946952411
411,0.568944098570587
412,0.572314962982239
413,0.6037492979000971
414,0.6049719361439095
415,0.6047824141663942
416,0.6043891011742841
417,0.6054722150031958
418,0.6094971303598268
419,0.6139832996371227
420,0.6194465441446713
421,0.6008266744354824
422,0.605283401384693
423,0.6076624065999147
424,0.6084799700839851
425,0.6093685550182153
426,0.6108256806078175
427,0.6112970836397232
428,0.6113658371470642
429,0.6110146436177196
430,0.6111293413050772
431,0.6112777410113824
432,0.6114384878401837
433,0.6116264268873159
434,0.6120851572813915
435,0.6123861904427335
436,0.6126958072076187
437,0.6129748871512917
438,0.6132120572455128
439,0.6134453552502235
440,0.6136913146823586
441,0.6139776111831923
442,0.6142290210999387
443,0.6144159290053307
444,0.6145775354375607
445,0.6147414409526265
446,0.6149119652354124
447,0.6146175317926699
448,0.6139598374870472
449,0.6128589395607963
450,0.6106207374644599
451,0.6081226309035347
452,0.5965311657892108
453,0.6011944204099785
454,0.597653664647403
455,0.5941115216739636
456,0.5923968183770754
457,0.5879145395530013
458,0.5832217511046247
459,0.5809090490880521
460,0.5778883745643677
461,0.5618208981776411
462,0.5567026466594707
463,0.5517177978527529
464,0.548506050381013
465,0.5463723075275556
466,0.5537142022926332
467,0.5500466978934297
468,0.5471576686577653
469,0.5456336780032022
470,0.5434317072504885
471,0.5355166157359317
472,0.5569994883175109
473,0.5540979460587022
474,0.552156817520012
475,0.5509297545772297
476,0.5279381740716529
477,0.5289711485051294
478,0.5285235842210991
479,0.5293502558837657
480,0.5287290307153701
481,0.5277858580643472
482,0.5261225023078703
483,0.522596275041954
484,0.545356606034509
485,0.5452182737983585
486,0.5452602104617026
487,0.5454368686060016
488,0.5453261999738994
489,0.5443168787296665
490,0.5430618261850761
491,0.5419252287334946
492,0.5408768219494733
493,0.540118280769334
494,0.539662271232011
495,0.5394499690228677
496,0.5393545114441703
497,0.5393702798430926
498,0.5393737941289637
499,0.5393848012487663
500,0.5393693606653458
501,0.5393407852154309
502,0.5393290529356596
503,0.5393426538822393
504,0.5393305307639508
505,0.5393199409574235
506,0.5393194962954455
507,0.5392505215727531
508,0.5397812406478345
509,0.5410248102587649
510,0.5429044727170498
511,0.5137152424110281
512,0.5174394461510862
513,0.5538183738858429
514,0.5573936803872792
515,0.5601859252771922
516,0.5623648260351055
517,0.5669835585969024
518,0.5725768800070067
519,0.5746562245103499
520,0.5752497264651129
521,0.5755960242996387
522,0.575653062272414
523,0.6125178392646495
524,0.6027107898875262
525,0.6007015046911114
526,0.5988013692729508
527,0.5690740173648033
528,0.5680892997552986
529,0.5749505028555615
530,0.5771301552370914
531,0.578468818005009
532,0.5793678324324544
533,0.579861596152996
534,0.5787840130311191
535,0.578987602588114
536,0.5815977340645839
537,0.584802135747379
538,0.587450736791921
539,0.5902136924634134
540,0.5921207411959888
541,0.5935655166345244
542,0.5937239304746543
543,0.5862802656838482
544,0.5834203350660543
545,0.5821216730709508
546,0.5807948801615404
547,0.5791400756512975
548,0.5766764281029172
549,0.5740574615260448
550,0.5711469787263919
551,0.569001901234617
552,0.5679521002708975
553,0.5675355406470357
554,0.5670695292934423
555,0.5667852569353715
556,0.5666152147872596
557,0.5665073377421095
558,0.5664730214235997
559,0.5664260661905672
560,0.5664115492119853
561,0.5665036166867942
562,0.5668883011240451
563,0.5673598195789057
564,0.5674986326274872
565,0.567627358718959
566,0.567749227697344
567,0.5678974688616524
568,0.5680222422043084
569,0.56898868825325
570,0.5695390959497156
571,0.5688050383612233
572,0.5699086144566677
573,0.5702701626372334
574,0.5671197123456111
575,0.5649003869873988
576,0.5775928356074015
577,0.582564077127866
578,0.6247440566452936
579,0.6086345698310759
580,0.6087260327769332
581,0.6113416483011961
582,0.6146560241325596
583,0.617223093110789
584,0.6191263369728253
585,0.6210787580311351
586,0.6215787369094696
587,0.6455015691545131
588,0.6307316100219801
589,0.6279652971622363
590,0.6234471543158943
591,0.6177845591599157
592,0.6125634513901372
593,0.6080953421833295
594,0.603937115701864
595,0.6005398028294839
596,0.5974443756685873
597,0.5939015879213221
598,0.5897805852016998
599,0.5852391957380244
600,0.582545104833907
601,0.5820808612323386
602,0.5820147407525917
603,0.579783250006341
604,0.5771605668810201
605,0.5750882369059661
606,0.5652909251229374
607,0.5629964797457214
608,0.5603227536128452
609,0.5570661764217913
610,0.5541424373168286
611,0.5524638201930835
612,0.5506345023053455
613,0.5490245072620303
614,0.5476578409002766
615,0.5465471864524598
616,0.5464529532487258
617,0.5464707797259059
618,0.5465080987312103
619,0.5465448635328665
620,0.5465635974063772
621,0.5465674630958903
622,0.5464267451349072
623,0.5459555899173385
624,0.5455389204880393
625,0.5451153308774489
626,0.5446627806552023
627,0.5441892502954176
628,0.5436134216534343
629,0.5422036277659801
630,0.542460741346175
631,0.5424278575462945
632,0.5439153739523965
633,0.5452940961594122
634,0.5452140864063388
635,0.5491007788378915
636,0.5537413899348118
637,0.557423082916149
638,0.5588089528445884
639,0.582413007420974
640,0.5781852394146236
641,0.5725387643934307
642,0.5672180019964612
643,0.562755045456977
644,0.5589753851038931
645,0.5566894489497557
646,0.547305856789122
647,0.5436543701776996
648,0.541297556169857
649,0.5399247114580233
650,0.5394835279595102
651,0.538576411221703
652,0.5383341951645871
653,0.5388317997087994
654,0.5404285581966529
655,0.5438848646931433
656,0.5501725792092612
657,0.56091889503552
658,0.5679247459519681
659,0.569558382844611
660,0.5689735368468058
661,0.5690340803139238
662,0.5678487856269646
663,0.5671441117278517
664,0.5618379929494108
665,0.5604135508384874
666,0.5568866941686493
667,0.5545359661801174
668,0.5538378282678401
669,0.5551194352170468
670,0.5730920315150402
671,0.5734151795472058
672,0.5734147952512423
673,0.5736431830678779
674,0.5724379462266683
675,0.5715385497128708
676,0.5710319945736284
677,0.5708699271110992
678,0.5707936525515251
679,0.5710352195767919
680,0.5712152604070787
681,0.5706000349891532
682,0.5695767290885376
683,0.5685745448345765
684,0.5673151918270133
685,0.5664144289293443
686,0.5659741233547926
687,0.5659973284184401
688,0.5665139995122198
689,0.5662273367305621
690,0.5656931347501813
691,0.565325132838069
692,0.5659524368802529
693,0.5666659066684003
694,0.5651965372436802
695,0.5641128844257962
696,0.5664199220683752
697,0.5693320817892376
698,0.5718306757619345
699,0.5725666554487774
700,0.5664429196129346
701,0.5737604454175286
702,0.5812882844459302
703,0.586265086806667
704,0.5922173589626619
705,0.597420446770725
706,0.6019224146463336
707,0.606818202084208
708,0.610365503814012
709,0.6215860798402204
710,0.62130307427285
711,0.6198126810527649
712,0.6233924147420888
713,0.6211099376976862
714,0.6169140097352491
715,0.6061171702952125
716,0.597488620719428
717,0.5893964920305722
718,0.5921139996805465
719,0.5895291559798828
720,0.5843062008562039
721,0.5800093026933766
722,0.5768773004698897
723,0.5737908693915639
724,0.5713707974531799
725,0.5682005413483411
726,0.5666543848427924
727,0.5656693304792351
728,0.5651333349490442
729,0.5484955655209032
730,0.5490498660456179
731,0.5498692858157185
732,0.5507238834308147
733,0.5516077639792982
734,0.5523346112412824
735,0.5528991229464645
736,0.5532582446981572
737,0.5534314191798078
738,0.5535060741592344
739,0.5534974107727361
740,0.5534878611868183
741,0.5535846121937361
742,0.5542315762193688
743,0.5698570482751187
744,0.5703290959757852
745,0.5707027027101103
746,0.5709159442430064
747,0.5709137215991229
748,0.5711608018313554
749,0.5715861587150353
750,0.5729143384121945
751,0.5739010380187587
752,0.5739443719175094
753,0.5670033075333
754,0.5665993484653242
755,0.572922137888347
756,0.5698808507878784
757,0.5661857167400699
758,0.5633764186114445
759,0.5608528176328533
760,0.5597589628372406
761,0.5562193237332469
762,0.5815586127395841
763,0.5788407840412616
764,0.5949972574795136
765,0.591912674644587
766,0.5713229342073801
767,0.5684218652900707
768,0.5754321240826086
769,0.5751808142317352
770,0.5750646710446985
771,0.5737515270268683
772,0.5347536351157904
773,0.5288448639768298
774,0.5260731342883713
775,0.520645992213826
776,0.5154283089605569
777,0.5055568373905386
778,0.5087871195790388
779,0.5133332195566891
780,0.5111832490418045
781,0.5095010984358798
782,0.5090980478282152
783,0.5088005262348403
784,0.5092042863462382
785,0.5092502530896732
786,0.5087766277154233
787,0.5084061463189259
788,0.5081065248806116
789,0.5075912037368749
790,0.5069234545859829
791,0.5071790890883768
792,0.5336608229301437
793,0.5325878349614396
794,0.531895049516652
795,0.531809420728362
796,0.5317567287456142
797,0.5317648988088455
798,0.5317434434735655
799,0.531747294754358
800,0.5317575118560418
801,0.5317402031987083
802,0.5333137584776888
803,0.5353470485929093
804,0.5376208160555102
805,0.5393703346666117
806,0.5408328799094272
807,0.5421168199265608
808,0.5437125543766218
809,0.5452597746781158
810,0.5469372407782386
811,0.5189586033700586
812,0.520923609285703
813,0.5214747274784464
814,0.5179846407020083
815,0.5159473773835911
816,0.5460602794674753
817,0.5475043342275379
818,0.5530012272469549
819,0.5600880822006618
820,0.5689602961891611
821,0.581384089509419
822,0.591958113415017
823,0.6012430475235027
824,0.6081431032537599
825,0.611511516156348
826,0.5965644640336811
827,0.5978152303031654
828,0.5989470893185554
829,0.5980920798776941
830,0.6120318598178807
831,0.6087186057000629
832,0.6047264258375747
833,0.5973404422315879
834,0.5933283985902601
835,0.5906089059017935
836,0.5884554962373512
837,0.5873967687455481
838,0.5876055408948538
839,0.5883385568805444
840,0.5882761808092294
841,0.5871360380026742
842,0.5855955660414628
843,0.5836912002479969
844,0.5817859002792563
845,0.5796124222381224
846,0.5768053667891231
847,0.5741567444307083
848,0.5726638880345396
849,0.572756049849081
850,0.5737911503943766
851,0.5756107979181504
852,0.577233800661426
853,0.5794623492849484
854,0.5813442855628367
855,0.5825794279124581
856,0.5833619330315793
857,0.5838163210440959
858,0.5840838281872464
859,0.5842432520263774
860,0.5843380597824778
861,0.5843999054442964
862,0.5844251108836257
863,0.5844506378491998
864,0.5844416853065111
865,0.5848790620459914
866,0.5854225770437318
867,0.5860071587266849
868,0.5866238761595346
869,0.5872139571318935
870,0.5877803389317412
871,0.5882339555022041
872,0.5897103263044108
873,0.5914458444376265
874,0.5746016830993699
875,0.5740288317976406
876,0.5728374436145225
877,0.5700387897131984
878,0.5655457935476307
879,0.560413587886031
880,0.5547997214198025
881,0.5488893572023068
882,0.5437415997085803
883,0.537856600018157
884,0.5290408605618339
885,0.5162821872373887
886,0.5612305831797704
887,0.5350809587055396
888,0.5329066405908178
889,0.5319566342002375
890,0.5318304979921464
891,0.5316652799450474
892,0.531666611752006
893,0.5315875211507739
894,0.5332570353778001
895,0.5349628410528979
896,0.5360333907530241
897,0.5279152750088043
898,0.5305806424591261
899,0.5331148213494162
900,0.5355894212266965
901,0.5376887428094441
902,0.5227893408147446
903,0.5255137997053801
904,0.5263923614832364
905,0.527001418340923
906,0.527832778467678
907,0.5283559552499946
908,0.528404383204402
909,0.5288826389619045
910,0.5301103130838779
911,0.5233201611160032
912,0.5238174268595577
913,0.5241768771740976
914,0.5222328222315876
915,0.5223721457986139
916,0.5224798964086763
917,0.522532514026557
918,0.5225706818336555
919,0.5225761626871548
920,0.522597058839529
921,0.522595022374191
922,0.5226053778073547
923,0.5225929712717198
924,0.5226092304967171
925,0.5225876953305367
926,0.5225974868414864
927,0.5226049209719279
928,0.5225972847729669
929,0.5204073513770308
930,0.5330227115975978
931,0.5309161348144508
932,0.5273209714811798
933,0.5239479883268955
934,0.5210790878414615
935,0.5198287434792198
936,0.5197576257825238
937,0.5047004330966989
938,0.5264461240582882
939,0.5299929952975024
940,0.5322999693615067
941,0.5348821138350841
942,0.5387712609932989
943,0.5430244622594995
944,0.5485215007192561
945,0.5534074331429001
946,0.5564188007043863
947,0.5584144846274302
948,0.5629832119911344
949,0.5751299773768269
950,0.5765441045321004
951,0.6187831721594348
952,0.6206327275817741
953,0.6224434135497069
954,0.6239742693295661
955,0.6311562078533829
956,0.6306074577905402
957,0.6460363642124498
958,0.6323542260029844
959,0.6356614257560563
960,0.6501579128355245
961,0.6536861401474575
962,0.657488140338306
963,0.6600940603871024
964,0.6622753672332518
965,0.6646321712202758
966,0.6664195078516906
967,0.6673962613091743
968,0.6678173243009973
969,0.6678730633905274
970,0.6678849408454522
971,0.6679057587388867
972,0.6677569606809615
973,0.6673088238022967
974,0.6670540647104427
975,0.6668105245349898
976,0.6667041829622183
977,0.6666582554517494
978,0.6666491092940902
979,0.666675263800248
980,0.6667064043040165
981,0.6667514494788234
982,0.666786492917615
983,0.6668183666511774
984,0.6668208174703674
985,0.6674524201538162
986,0.6685278614676172
987,0.6694951533051262
988,0.6704468653041389
989,0.6710404624041014
990,0.6722317807704175
991,0.6728438005272809
992,0.6725712453310978
993,0.6720852801958848
994,0.6712814699691155
995,0.6702449907780924
996,0.6674796648601344
997,0.6634417586491029
998,0.657783942885279
999,0.6495455991165361
1000,0.6401499856388643
1001,0.6326367250372774
1002,0.5781066485822476
1003,0.5775356453043844
1004,0.5699887695359864
1005,0.5622307728574713
1006,0.5548309910117646
1007,0.5135069812873075
1008,0.5093687165574338
1009,0.5053648064950771
1010,0.5014981428117168
1011,0.49797069744236355
1012,0.4944830984766637
1013,0.49606832058269523
1014,0.4941848387776428
1015,0.4917528702357656
1016,0.489380749867639
1017,0.49211738961094725
1018,0.4970252442336457
1019,0.49217380363059654
1020,0.4910037356518768
1021,0.4953316050051484
1022,0.4991435244433498
1023,0.49889555559356574
1024,0.4972951255392151
1025,0.49608168123828933
1026,0.49109298077066393
1027,0.49789227375876843
1028,0.5003294215138446
1029,0.5008312097029429
1030,0.501996103219862
1031,0.5039197962304905
1032,0.5055213393454058
1033,0.5067345078567216
1034,0.5078487499239813
1035,0.5087693721156877
1036,0.5090917769404816
1037,0.5091373899367639
1038,0.5091405079402422
1039,0.5091352885412267
1040,0.509099491244526
1041,0.5090689087998055
1042,0.509013881895351
1043,0.5089820686285071
1044,0.5089169647899352
1045,0.5089485722109414
1046,0.509149254680715
1047,0.5093062553160211
1048,0.5097031422294832
1049,0.5060296280751672
1050,0.5038900386446559
1051,0.5035479519298243
1052,0.5028555347898669
1053,0.5011690690993856
1054,0.5012786463653882
1055,0.5053433425924921
1056,0.5107459905735867
1057,0.5154955285025546
1058,0.5169538284450642
1059,0.5188697958713346
1060,0.5232425232349772
1061,0.5276440265384861
1062,0.5329708791447931
1063,0.5404021623370382
1064,0.5541241056857787
1065,0.5870117963566882
1066,0.5901021090649389
1067,0.6357361575836536
1068,0.6388197404721557
1069,0.6369936230714843
1070,0.6346138012286241
1071,0.6301277165750439
1072,0.6262683663103507
1073,0.6243832347737073
1074,0.6250180707724009
1075,0.6284362986330311
1076,0.6340013189645964
1077,0.6412622053279987
1078,0.6576210434113001
1079,0.665591581054122
1080,0.6712240662063607
1081,0.6838011950437455
1082,0.6860517284074659
1083,0.6859948562173313
1084,0.6852574740398959
1085,0.6841814505646592
1086,0.6831143958964644
1087,0.6822289962568265
1088,0.6808408072999386
1089,0.6793184084312306
1090,0.6718162452983764
1091,0.6708692813548117
1092,0.6694369179239357
1093,0.6678553482849316
1094,0.6670633622413263
1095,0.6668559250800298
1096,0.6667955211135023
1097,0.6668382615980893
1098,0.6669372029054349
1099,0.667080181040387
1100,0.6672466450294819
1101,0.6678653246008459
1102,0.6687202110865276
1103,0.6696975186801581
1104,0.6707351152696457
1105,0.6718319529521813
1106,0.6729660342914677
1107,0.6740787371942542
1108,0.6750405880117795
1109,0.6756111870031627
1110,0.6759882900533208
1111,0.6760459592684129
1112,0.6751670045781919
1113,0.6733319103989542
1114,0.6719504899980998
1115,0.6722397933061134
1116,0.6794037698988915
1117,0.683448120211293
1118,0.68150075982828
1119,0.6713926096936608
1120,0.6324562588476969
1121,0.6234479549094784
1122,0.6100993762625402
1123,0.6021449869768163
1124,0.6017697075009769
1125,0.5936987502943527
1126,0.586210007440565
1127,0.5628082330906408
1128,0.5272369956290932
1129,0.5246408010811839
1130,0.5149276927417676
1131,0.5119372963045598
1132,0.5332915203648546
1133,0.5311183014504258
1134,0.5311477271010789
1135,0.5316130186110863
1136,0.509405402952044
1137,0.5198683419608008
1138,0.5203660731156328
1139,0.5196287492840991
1140,0.5244323266375929
1141,0.5201738536524898
1142,0.5403549497447647
1143,0.5404483380269437
1144,0.5402675055978033
1145,0.5410123027712662
1146,0.5403748950239636
1147,0.5397958984480283
1148,0.5396809171026407
1149,0.5387445183407726
1150,0.5381417115204741
1151,0.5368577810678702
1152,0.5300037221439122
1153,0.5293170259707148
1154,0.5284666139137706
1155,0.5278706351943406
1156,0.5275547258876183
1157,0.5274072291571125
1158,0.5273301704411767
1159,0.5273008328311707
1160,0.5272667877804539
1161,0.5272589954929691
1162,0.5272383041990337
1163,0.527231370841268
1164,0.5272766087993453
1165,0.5273604480642378
1166,0.5274049310367579
1167,0.5282717195779505
1168,0.5456526303307656
1169,0.5471189354043188
1170,0.5499565548885604
1171,0.5539806859060642
1172,0.5572232611164002
1173,0.5598581563511429
1174,0.5614460851224572
1175,0.5629692017828809
1176,0.5623053933595946
1177,0.5634141901472742
1178,0.5664902743242644
1179,0.5701481321923837
1180,0.5591286622203182
1181,0.5614024389856747
1182,0.5622871667240861
1183,0.5558568110996376
1184,0.5681532439427182
1185,0.5677825745365324
1186,0.6018908698773883
1187,0.5978732556580715
1188,0.6162617751915015
1189,0.6158186883866269
1190,0.6145005769757902
1191,0.6132318178355025
1192,0.6194398890613336
1193,0.62059370903576
1194,0.6594997805691319
1195,0.6606426476186915
1196,0.6756093147955836
1197,0.67743672045269
1198,0.6683219469993911
1199,0.6630009650003788
1200,0.6665812616376536
1201,0.6700312626674011
1202,0.6730910460847398
1203,0.6752269948501405
1204,0.6788487510164858
1205,0.6817622019683258
1206,0.6872176123130361
1207,0.690528883864699
1208,0.6923045820471236
1209,0.69337147197448
1210,0.6941135119447512
1211,0.6940777818356748
1212,0.6944336623584538
1213,0.6944139011716831
1214,0.6944863579212864
1215,0.6946179752658393
1216,0.6947144449427773
1217,0.6947644439398769
1218,0.6948040114912384
1219,0.694815882786871
1220,0.6948231010286577
1221,0.6948213149977672
1222,0.6948201057298858
1223,0.6948162434332685
1224,0.6948080897548425
1225,0.6948118069956147
1226,0.6948111666565145
1227,0.6948009231500637
1228,0.6948036749971059
1229,0.6951536160935906
1230,0.6959140393007132
1231,0.6987689231345693
1232,0.7031255136642101
1233,0.7070150498381692
1234,0.7173007087959842
1235,0.7192523812737214
1236,0.7218613521703976
1237,0.7249503202206121
1238,0.7268570267496566
1239,0.6794228089490453
1240,0.6739061987880485
1241,0.6653896477174281
1242,0.6287969631263018
1243,0.6123652949790482
1244,0.6006109586039443
1245,0.5894433169648794
1246,0.5764984081605623
1247,0.5523539056313463
1248,0.5402660385773221
1249,0.541063292054479
1250,0.5262560125439376
1251,0.5127098650186265
1252,0.508224844527837
1253,0.5062917842916628
1254,0.5064903705927004
1255,0.5042902522548343
1256,0.5213207299441449
1257,0.5211856762100584
1258,0.5284018782449241
1259,0.535997681966106
1260,0.5415832430243421
1261,0.5452033844977784
1262,0.548772824214215
1263,0.5517468712908624
1264,0.5543851707557811
1265,0.5560029422123431
1266,0.5563447526401816
1267,0.5566332849461951
1268,0.5555791957615996
1269,0.553722871935726
1270,0.5519512085664972
1271,0.550377411124736
1272,0.5489484243114823
1273,0.5478051922517831
1274,0.5470025626187195
1275,0.5464989071932463
1276,0.5462965260845318
1277,0.5462460582985842
1278,0.5462725872297831
1279,0.5463675779331542
1280,0.5464708172353169
1281,0.5466272696180149
1282,0.5468282823382967
1283,0.5469912385697671
1284,0.5476386255736202
1285,0.5483206992421475
1286,0.5491280453930374
1287,0.55028610992866
1288,0.5517314189433683
1289,0.553175376739755
1290,0.55468248861704
1291,0.5543975525890411
1292,0.5544562348706856
1293,0.557143389295118
1294,0.559835962210248
1295,0.5606086749111148
1296,0.5610302436782197
1297,0.5590200091068371
1298,0.558315187885876
1299,0.544688457670335
1300,0.5505103388335932
1301,0.5546279647274143
1302,0.558545390334839
1303,0.5593579980395676
1304,0.5564042977858772
1305,0.5512909220891185
1306,0.5411590586538696
1307,0.5242683799130137
1308,0.526485764864348
1309,0.531908212040121
1310,0.5388564111927234
1311,0.5468358201848483
1312,0.5680685220026792
1313,0.5776423355776618
1314,0.5874823303624119
1315,0.596088322198043
1316,0.602586540870914
1317,0.6204960236804158
1318,0.6256972994989374
1319,0.6310460347811675
1320,0.6583207138113026
1321,0.6617894960468074
1322,0.6646524903679178
1323,0.6659235451376835
1324,0.6670011831530256
1325,0.6703220840585821
1326,0.6721750803731109
1327,0.6660924803685562
1328,0.6648970020730499
1329,0.6632407044655776
1330,0.6621300332273642
1331,0.661486394009784
1332,0.6607054274859469
1333,0.6598715848710501
1334,0.6594078384544657
1335,0.6591852609545844
1336,0.6590560935374866
1337,0.6589533069641353
1338,0.6589248741748921
1339,0.6588635318278451
1340,0.6588302695170413
1341,0.658822767356593
1342,0.6588101305490577
1343,0.6588040082390711
1344,0.6587821437228786
1345,0.6587678035543512
1346,0.658780586858745
1347,0.6587714438588698
1348,0.6587646732478672
1349,0.6587662454842752
1350,0.6593108768637638
1351,0.6603434038495565
1352,0.6613562268807843
1353,0.6628988177302376
1354,0.6622552059792751
1355,0.6605980449674157
1356,0.6588221678097241
1357,0.657188185043796
1358,0.6522074228895813
1359,0.6516560105199768
1360,0.6469015868456808
1361,0.6419098860193831
1362,0.6303890023752485
1363,0.6160653958378832
1364,0.6011380412294443
1365,0.5887609812301936
1366,0.5716181899873727
1367,0.5557645829942176
1368,0.5374244995242332
1369,0.5210763200071331
1370,0.5073158034528554
1371,0.4941589417131188
1372,0.485382351415022
1373,0.48295049928503386
1374,0.48787786917649856
1375,0.49830718289778503
1376,0.5070413881853739
1377,0.5164375984474087
1378,0.5273408548068136
1379,0.5362219494576586
1380,0.5152810328762226
1381,0.5203257443484192
1382,0.5496926240656802
1383,0.5505112130621692
1384,0.5518647031949526
1385,0.5550922000189895
1386,0.578925926050755
1387,0.5854454165763883
1388,0.5926413859355213
1389,0.5985282185351561
1390,0.6051860586783222
1391,0.610924921562794
1392,0.6145652032299396
1393,0.6165109934513593
1394,0.6174928133478456
1395,0.6180072818796932
1396,0.6182825430501468
1397,0.6185752082017502
1398,0.6187401716116133
1399,0.618858734090554
1400,0.6177189971217275
1401,0.6160580646875154
1402,0.6142484242082314
1403,0.6124325283626815
1404,0.6103859640543977
1405,0.6079685956235127
1406,0.6055700818675294
1407,0.6036604494800761
1408,0.6008379540360217
1409,0.5955450648209597
1410,0.5893959355761421
1411,0.5836263356019146
1412,0.5778469563317331
1413,0.57425243351404
1414,0.5677467659383837
1415,0.562386820206873
1416,0.5618475988577487
1417,0.5627717649592421
1418,0.5620954395466361
1419,0.5615260723908782
1420,0.5605610840011871
1421,0.5602830498075645
1422,0.5595347817904656
1423,0.5569216123709902
1424,0.5540494906727662
1425,0.5512707809707688
1426,0.548695011847458
1427,0.5520990071499742
1428,0.5620925933658955
1429,0.5902025257797832
1430,0.6025865684229951
1431,0.614832139440138
1432,0.6716202426137705
1433,0.6817369231580708
1434,0.6911481754605493
1435,0.7305491807380926
1436,0.7366726734176582
1437,0.7491725594286085
1438,0.7532310777689964
1439,0.7559739622047704
1440,0.7568584537331368
1441,0.7580987967444495
1442,0.7593662578189765
1443,0.7600942203359187
1444,0.7601481884652758
1445,0.759909110569983
1446,0.7592317948563145
1447,0.7579010437233288
1448,0.7554452822748987
1449,0.7525117882288932
1450,0.7490946863357162
1451,0.7461372130728964
1452,0.7437862550628521
1453,0.742016491740992
1454,0.7408205632202515
1455,0.7401821104529647
1456,0.7398638044299151
1457,0.7397438893833108
1458,0.7397409520572646
1459,0.7397838058991276
1460,0.7398629950586223
1461,0.7400226279412618
1462,0.7401783047741904
1463,0.7403062944978718
1464,0.7403738842765746
1465,0.7404225158376434
1466,0.7404434948088122
1467,0.7404743910422072
1468,0.74047492253287
1469,0.7408232787559248
1470,0.7414000178424331
1471,0.7412231028712425
1472,0.7409784285542628
1473,0.7406661945598787
1474,0.7392321138190636
1475,0.6926942001666279
1476,0.6892932279548012
1477,0.6657516971758135
1478,0.6632641530836784
1479,0.6609448477360536
1480,0.6551882988772685
1481,0.6450052849111574
1482,0.6307332290795433
1483,0.6074221531459131
1484,0.5889942998372145
1485,0.5763657009342236
1486,0.5631896943312693
1487,0.5499050045391387
1488,0.530414066962954
1489,0.5205547371079987
1490,0.5115161998158163
1491,0.5112837545419762
1492,0.50787102265775
1493,0.5061442204635216
1494,0.505231541636062
1495,0.5105592778894588
1496,0.5166136231650661
1497,0.5258633921443557
1498,0.5333674614922025
1499,0.5398650054666968
1500,0.5461139489896318
1501,0.5515841685695617
1502,0.5541864673724761
1503,0.555142097058174
1504,0.5553350808245129
1505,0.554845022763827
1506,0.5509440290147997
1507,0.5501788431307946
1508,0.5509330992338827
1509,0.5530275420093923
1510,0.5471593237347481
1511,0.5481865432028227
1512,0.5495638212516266
1513,0.5497515273031142
1514,0.5503074029719452
1515,0.5508242925828754
1516,0.5511181976514475
1517,0.5512826961786127
1518,0.5513970471430952
1519,0.5514852134178231
1520,0.5515244979948203
1521,0.5516200465726319
1522,0.5522962137555637
1523,0.5531298843091168
1524,0.5539599987054737
1525,0.5548406712117722
1526,0.5557091108590234
1527,0.5571704811404773
1528,0.5585042468314035
1529,0.5596437442568167
1530,0.5559693046156391
1531,0.5530132356705131
1532,0.5490418943467551
1533,0.5418356354624257
1534,0.5345875551821223
1535,0.5290577890075481
1536,0.5230737853160582
1537,0.5215773877528358
1538,0.5240230030615031
1539,0.5274743139883507
1540,0.5308015548277448
1541,0.5345769890074086
1542,0.5355581863562784
1543,0.5487613287199863
1544,0.5486854039101142
1545,0.554190497707147
1546,0.5521403799840297
1547,0.5555875602485565
1548,0.5714207231312418
1549,0.573981080560944
1550,0.6274875462248053
1551,0.6269160405741404
1552,0.6793868470706862
1553,0.6793843101545785
1554,0.680932897567931
1555,0.6830773168075142
1556,0.6968594765573786
1557,0.6943613921791734
1558,0.698427702057536
1559,0.6896471822200668
1560,0.6943159946533752
1561,0.7127713201346386
1562,0.7157420389697049
1563,0.7195243431283622
1564,0.7245171959490926
1565,0.7169179544581005
1566,0.7181220928724242
1567,0.7227141985705573
1568,0.7270740306011038
1569,0.7297658667205643
1570,0.7301438507795837
1571,0.729936699127702
1572,0.7294254184067687
1573,0.7281742455841622
1574,0.727243259541881
1575,0.7266127932796611
1576,0.726225338070622
1577,0.7260029736375606
1578,0.7258398797165311
1579,0.7257578754140388
1580,0.7256851371249798
1581,0.7256554896125123
1582,0.7256250196409871
1583,0.7256105385634555
1584,0.725600791284825
1585,0.7255879647753228
1586,0.7255783169594465
1587,0.725573707135214
1588,0.7255752123559952
1589,0.726512178928265
1590,0.7286168754452312
1591,0.7297660494976144
1592,0.7320949849160738
1593,0.74055599768553
1594,0.7408418846518509
1595,0.740714950105811
1596,0.7405140500549658
1597,0.6947296875620043
1598,0.6930016812376399
1599,0.6891512289274683
1600,0.6814606386210043
1601,0.6467238959859247
1602,0.6096823691329937
1603,0.5928701438906738
1604,0.5794864477671402
1605,0.5670228262244508
1606,0.5681755213588716
1607,0.5632636700814869
1608,0.5483087018140775
1609,0.566239125058163
1610,0.5550690908147174
1611,0.5442129789205401
1612,0.5467378719934175
1613,0.5419300438505679
1614,0.5170976417431719
1615,0.525452926321861
1616,0.5465826482080679
1617,0.5572272043603792
1618,0.5662280393253684
1619,0.5736688258519553
1620,0.5788156899146997
1621,0.5800672408199128
1622,0.5831504986626852
1623,0.6031191997749226
1624,0.6042505180569184
1625,0.6021962079945035
1626,0.5886949748015925
1627,0.5877496134759005
1628,0.5690578699412787
1629,0.5700063873799948
1630,0.5720381798594372
1631,0.5730035785347178
1632,0.573985636042575
1633,0.5755923757046373
1634,0.5770364140958197
1635,0.5779789129930893
1636,0.5784958513966045
1637,0.5786985565841113
1638,0.5788156806117815
1639,0.5788940164518647
1640,0.5789431620910982
1641,0.5789568651064831
1642,0.5789785068540996
1643,0.5790302706962259
1644,0.5794303877116453
1645,0.5801265126928891
1646,0.579015882601816
1647,0.576586070498789
1648,0.5754229449573929
1649,0.5740794374294205
1650,0.5728210167355134
1651,0.5714656451638569
1652,0.5686350771676933
1653,0.564145027073191
1654,0.5572320220146122
1655,0.5485118836128297
1656,0.5505888427235499
1657,0.5484586645990772
1658,0.5477762773137359
1659,0.5508286185102577
1660,0.5541525054577705
1661,0.5576798454478478
1662,0.561248142643748
1663,0.5645665081625979
1664,0.5682065046387137
1665,0.5716612539260668
1666,0.5762854926059365
1667,0.5896909479074411
1668,0.5931268339063627
1669,0.6129019127191659
1670,0.6177835254406021
1671,0.6303012432270416
1672,0.6320496075934757
1673,0.632895190291645
1674,0.6301262496971682
1675,0.6683385173165789
1676,0.6202630792833264
1677,0.6236120251076132
1678,0.6284918948833649
1679,0.6351320481840698
1680,0.6442276812471307
1681,0.6492007078817859
1682,0.6623286856078748
1683,0.6688965554004112
1684,0.6777219326032893
1685,0.6796560531625272
1686,0.6850055485030171
1687,0.6875959227858663
1688,0.6872969004803524
1689,0.6856348078198549
1690,0.6840197947865236
1691,0.6832688847370463
1692,0.6817123999467363
1693,0.6803897362341398
1694,0.6795491575500923
1695,0.6790589958549053
1696,0.6787656440469894
1697,0.6785816677946236
1698,0.6784603047470846
1699,0.6784069708618709
1700,0.6783490684295511
1701,0.6783205198021208
1702,0.6783062517547477
1703,0.6782948652394423
1704,0.6782785732987419
1705,0.6782747638377498
1706,0.6782676596535078
1707,0.6782706565794323
1708,0.6782549860936108
1709,0.6782579824827624
1710,0.6778789383390849
1711,0.676929385412579
1712,0.676067916195369
1713,0.6741715696778181
1714,0.6790703808393268
1715,0.6463482981470419
1716,0.6411300143101005
1717,0.6846995984439505
1718,0.6805660688525389
1719,0.6780469981560251
1720,0.6747493780131544
1721,0.6676877589198429
1722,0.657130895470181
1723,0.6013964658499099
1724,0.5887693689868859
1725,0.5898165218750903
1726,0.5781927766486626
1727,0.5663924000184626
1728,0.5641360988539516
1729,0.5444589227598504
1730,0.5310982201014249
1731,0.519458190997077
1732,0.5107995111062714
1733,0.508544283441395
1734,0.513072784360429
1735,0.5482130907986414
1736,0.5488719987117212
1737,0.5644259553287163
1738,0.5703492511515896
1739,0.5391485356657547
1740,0.5434149343289596
1741,0.545622004401374
1742,0.5467601794479128
1743,0.5843755135793746
1744,0.588976298053502
1745,0.5937454032367925
1746,0.5976167450116942
1747,0.6007663647111247
1748,0.5985883094656712
1749,0.599342240245968
1750,0.5959559911340735
1751,0.5976810866615125
1752,0.597955888639523
1753,0.5974049548476086
1754,0.5980943759697233
1755,0.598131586139644
1756,0.5991545294328624
1757,0.5998779547529368
1758,0.6003078350415866
1759,0.600548672101503
1760,0.6006910428174297
1761,0.6001833632789162
1762,0.6002871947740861
1763,0.6010801421985528
1764,0.6019409194520663
1765,0.6001599687570013
1766,0.5979488001947288
1767,0.5973016974325907
1768,0.5966801064054081
1769,0.5896165132469359
1770,0.5872543800022394
1771,0.5832381675095107
1772,0.5772266449713978
1773,0.5708922181116168
1774,0.565852956002528
1775,0.5589929617864519
1776,0.5605274382960614
1777,0.5664147179287833
1778,0.5647464163818446
1779,0.567409797967163
1780,0.569788427533138
1781,0.5719872851727251
1782,0.5756957102959935
1783,0.5801186251592342
1784,0.5785227754265629
1785,0.5878048875235189
1786,0.595819688947959
1787,0.604876700628398
1788,0.6026777003621503
1789,0.6142286638530606
1790,0.6205448209214603
1791,0.6266813674664297
1792,0.6322781330662052
1793,0.6479632221913295
1794,0.6852287821656664
1795,0.6880582509587068
1796,0.7241009408370321
1797,0.728968902229526
1798,0.7331608306643764
1799,0.7364754040084666
1800,0.7390920163194439
1801,0.7412269453563799
1802,0.7416470003458305
1803,0.7494344063457961
1804,0.7487205635892166
1805,0.7487638073387773
1806,0.7474727636173432
1807,0.7443162736166324
1808,0.7403660082764313
1809,0.7366992773572976
1810,0.7336876599476824
1811,0.7320941195149729
1812,0.7316607608095338
1813,0.7315302418766594
1814,0.7315416329190888
1815,0.7316698900454629
1816,0.7317703235742269
1817,0.7318217845833027
1818,0.7318351589282751
1819,0.7318633994800954
1820,0.7318795909781377
1821,0.731877561515228
1822,0.7318962988109528
1823,0.7318854847971586
1824,0.7318895576324267
1825,0.7318902187622134
1826,0.7318944360687177
1827,0.7318950968907524
1828,0.7318939132537684
1829,0.731887582347821
1830,0.7319011648091167
1831,0.7319011648091167
1832,0.7331173304247842
1833,0.7353630183859656
1834,0.6897568601637286
1835,0.6897927558365032
1836,0.6881558138801327
1837,0.6856349783167841
1838,0.6845951352783802
1839,0.6826517872829765
1840,0.6784299712963227
1841,0.6242275947010364
1842,0.6151002379605663
1843,0.6049095772655606
1844,0.5930455856820107
1845,0.5843639052860301
1846,0.5638730940767454
1847,0.554973094904689
1848,0.5397557655041787
1849,0.532917372842014
1850,0.5295186622660969
1851,0.5192624543294444
1852,0.5181461329133111
1853,0.5188044812805566
1854,0.5214696676396643
1855,0.5278641836745224
1856,0.5345430917678856
1857,0.5068693843271945
1858,0.5223598137472185
1859,0.531788889299028
1860,0.5412604015443767
1861,0.5521100086824223
1862,0.5580352043502146
1863,0.588005183636909
1864,0.587251221511772
1865,0.587917308248844
1866,0.5883805044617783
1867,0.5748667113166513
1868,0.5671296736642395
1869,0.5656872646947413
1870,0.5643722431246567
1871,0.5651791383164925
1872,0.5673394705552951
1873,0.5688230160852823
1874,0.5698725176890436
1875,0.5701865888620423
1876,0.5706218469482119
1877,0.570777001892834
1878,0.5708870226949727
1879,0.5709529392479069
1880,0.5709960841226349
1881,0.5713879731327666
1882,0.5721091936832173
1883,0.5728752002644292
1884,0.5736771736296381
1885,0.5745269387166142
1886,0.5754170543925825
1887,0.5769858512010126
1888,0.5743788963445131
1889,0.5729407916977268
1890,0.5705804987168656
1891,0.564457666726698
1892,0.5568806170285485
1893,0.5493659963756743
1894,0.5434063832057224
1895,0.5356780553252517
1896,0.530327284735742
1897,0.5276690102772232
1898,0.5308020555566163
1899,0.5409618073523651
1900,0.543590312975652
1901,0.5394363913771378
1902,0.5409871053054109
1903,0.5425205655771318
1904,0.5421915914584723
1905,0.5404073760144685
1906,0.5517708228170194
1907,0.5501121001129542
1908,0.5646664176648215
1909,0.5753343899150537
1910,0.5799310296915665
1911,0.6144989729422501
1912,0.6669100326184387
1913,0.665118501036333
1914,0.6649970899627248
1915,0.6672179532641879
1916,0.6701855121910533
1917,0.67450556266819
1918,0.667737854267361
1919,0.6735870915689498
1920,0.6922813572254382
1921,0.6842483235331737
1922,0.6892785339560116
1923,0.6942002965902083
1924,0.6998854426419316
1925,0.7068663834443524
1926,0.7102176192144721
1927,0.7130636525361864
1928,0.7202669963570703
1929,0.7230026207758177
1930,0.7230673976132056
1931,0.7234412115156575
1932,0.7219209701550295
1933,0.7205034815310531
1934,0.7195566240227087
1935,0.7190008881288715
1936,0.7186462058368003
1937,0.7184529265035093
1938,0.7183072706512772
1939,0.7182221940649511
1940,0.7181725401070447
1941,0.7181353039860203
1942,0.7181127307947319
1943,0.7180880280562557
1944,0.7180869187358868
1945,0.7180828814949682
1946,0.718072116678007
1947,0.7182529053775873
1948,0.7193645466354122
1949,0.7195427469233079
1950,0.7213765501808519
1951,0.7313227350766932
1952,0.6811692747987296
1953,0.6807960530845031
1954,0.6801382168639045
1955,0.6783431153580166
1956,0.6930724610185299
1957,0.6894615764159214
1958,0.6856356101437482
1959,0.6827547415071834
1960,0.6551623819450988
1961,0.6472580350172027
1962,0.6390162847611869
1963,0.6078477050343258
1964,0.594728053102206
1965,0.5783368696685683
1966,0.5620130022020926
1967,0.5483817140526266
1968,0.5601900250018191
1969,0.5507973775747596
1970,0.5424559847710417
1971,0.535071939459296
1972,0.5316255816170377
1973,0.530971094832107
1974,0.52059607446408
1975,0.5304473660685438
1976,0.5385976046107178
1977,0.5566070568306306
1978,0.5635771742937202
1979,0.5692454626538705
1980,0.5747789271658491
1981,0.5798852632084598
1982,0.5980560956045995
1983,0.6013782471696222
1984,0.6059844379091065
1985,0.6082201939055182
1986,0.609348863538268
1987,0.5937710491574111
1988,0.5926268027970044
1989,0.5933479615461387
1990,0.5791643032626506
1991,0.5823570909902426
1992,0.5836241723565908
1993,0.5853324720540385
1994,0.586663716850028
1995,0.5867564347889259
1996,0.5869524606267821
1997,0.5871855161520577
1998,0.5873551993374192
1999,0.5874362297069088
2000,0.587486089964219
2001,0.5877293925646814
2002,0.5884753362029923
2003,0.5892858010038218
2004,0.5901665456182414
2005,0.5910987615488236
2006,0.5919685054594389
2007,0.5934415287805587
2008,0.5911423660570676
2009,0.5886040941443438
2010,0.5849232683639558
2011,0.5812434690436071
2012,0.5767999525623982
2013,0.5886608606665553
2014,0.5706238621320329
2015,0.5641336782780476
2016,0.5388617982326187
2017,0.5393986175683695
2018,0.5441172400773775
2019,0.5220917880239698
2020,0.5270224515136641
2021,0.5288942216779005
2022,0.5275330145745534
2023,0.5826388615665221
2024,0.5819210455829303
2025,0.5788426273732511
2026,0.5795725223015499
2027,0.5954495762416868
2028,0.6027437776392914
2029,0.609123603619695
2030,0.654914555850607
2031,0.6606430116618983
2032,0.7117249813291314
2033,0.7175655098810035
2034,0.7234235658929451
2035,0.7354291653961403
2036,0.7459300436961273
2037,0.7496515651274426
2038,0.7460249568753522
2039,0.7480709942614254
2040,0.7499801688634699
2041,0.7514141165972237
2042,0.7523237846207735
2043,0.7537850449381828
2044,0.7394152356942603
2045,0.747132263103497
2046,0.7461276365371096
2047,0.7428477838782891
2048,0.7389868567636156
2049,0.7369549829337908
2050,0.7362742443527289
2051,0.7356218918000393
2052,0.7351005972590403
2053,0.7341744983819951
2054,0.7335654747734998
2055,0.7332718851048434
2056,0.73314066662389
2057,0.733050935709161
2058,0.7329987730569546
2059,0.7329693475911786
2060,0.732951071458353
2061,0.7329433704989268
2062,0.7329315104758877
2063,0.7329270419864284
2064,0.7329287828022161
2065,0.7329201536820991
2066,0.7329184478214852
2067,0.7329136253202305
2068,0.732923385723951
2069,0.7329136141093994
2070,0.7329180440663471
2071,0.733120625679906
2072,0.7346559296072231
2073,0.7363026396348532
2074,0.7358912379653545
2075,0.7524246605905717
2076,0.7441672851951989
2077,0.6961940654645006
2078,0.694950389897185
2079,0.6648258759176173
2080,0.6625928188359769
2081,0.6536137325858364
2082,0.6417435256114766
2083,0.6284823845868224
2084,0.6202910389529948
2085,0.598923599590846
2086,0.5824248570686364
2087,0.5504126998332555
2088,0.5377193828598824
2089,0.5266397407144325
2090,0.5155796147706946
2091,0.5062808143114229
2092,0.49909174298934583
2093,0.5016201642574224
2094,0.5047270996917356
2095,0.513943301138638
2096,0.5217575236320688
2097,0.530669395548511
2098,0.5201814395715436
2099,0.5288614673281851
2100,0.5497311092921728
2101,0.5568105248642972
2102,0.5613910225191506
2103,0.5502594055738904
2104,0.5721828155609618
2105,0.5719416212121045
2106,0.5654934268992937
2107,0.5651442636269903
2108,0.5625281222668311
2109,0.5597951450339044
2110,0.5613775550920931
2111,0.5634864409615776
2112,0.5634453486169912
2113,0.5634015166632776
2114,0.5649543212461022
2115,0.5658245042925961
2116,0.5659188539262177
2117,0.5659890382855876
2118,0.5660575654248822
2119,0.5658723458496477
2120,0.5662755255916285
2121,0.5668580201645058
2122,0.5676385632287692
2123,0.5686132120783617
2124,0.5695362252044942
2125,0.5704178876560432
2126,0.5711655627921511
2127,0.5722811747652767
2128,0.5720501108259451
2129,0.5705922049585468
2130,0.5685644888126618
2131,0.5658622819145132
2132,0.5634469810782471
2133,0.5570426129086661
2134,0.5496670435307116
2135,0.5444697793879437
2136,0.5419943624206605
2137,0.5388950579915266
2138,0.5401889019711879
2139,0.5444353944264806
2140,0.5495724433109617
2141,0.5489134162012599
2142,0.548339497364516
2143,0.5485285902102266
2144,0.5462808014305928
2145,0.543530373294043
2146,0.5548592508945026
2147,0.5538840131427801
2148,0.5602954009515305
2149,0.5992116351977523
2150,0.6042038787022327
2151,0.6392379382702671
2152,0.6426946801957383
2153,0.6730379596691195
2154,0.6069487296915361
2155,0.6219299176312485
2156,0.6201575751008582
2157,0.6190623037594842
2158,0.6195548485082842
2159,0.6212333008933724
2160,0.6235566189418936
2161,0.6318331113337148
2162,0.6340568504844826
2163,0.6364575577663807
2164,0.6393358482324407
2165,0.654564320851594
2166,0.6608468075775447
2167,0.6666692361785579
2168,0.6599100866490147
2169,0.665434317364539
2170,0.6685919642113319
2171,0.6685359294290206
2172,0.6661421895091142
2173,0.6649037247932956
2174,0.6643680032362187
2175,0.6638939791936247
2176,0.6635092633729645
2177,0.6632624017266793
2178,0.6630971325320588
2179,0.6629691726269787
2180,0.6629077845098235
2181,0.6628724014830613
2182,0.6628302570176362
2183,0.6628122914153944
2184,0.6628064291776735
2185,0.6627821238657196
2186,0.6628534779794244
2187,0.6634286310949863
2188,0.6637594268865166
2189,0.6645309067090089
2190,0.7090031368285901
2191,0.6753177883283467
2192,0.6746011524121422
2193,0.6741643591139561
2194,0.7290819515342837
2195,0.7304013517250323
2196,0.6883176530451214
2197,0.6876495925713926
2198,0.6873410363218443
2199,0.6865477097147139
2200,0.6812251050641173
2201,0.6726586159597168
2202,0.6375848826162179
2203,0.623997151906737
2204,0.6114422137801461
2205,0.5957256840111317
2206,0.578540082023533
2207,0.5614837702554205
2208,0.5354798988381789
2209,0.525547180063053
2210,0.5264154368571426
2211,0.5173903760685382
2212,0.5104385852636719
2213,0.5088518454653683
2214,0.5132251234010672
2215,0.5448633120577144
2216,0.5479289116726735
2217,0.5221947943428706
2218,0.5501555742084212
2219,0.5663933591528386
2220,0.5714967215193846
2221,0.5745552048311495
2222,0.5778839374485937
2223,0.5817203321668432
2224,0.5913584763859765
2225,0.5927787837589176
2226,0.5925507919223462
2227,0.5943498255645276
2228,0.5697185708428946
2229,0.5726621184266183
2230,0.5746724726434216
2231,0.5759104146844101
2232,0.5909896447287111
2233,0.5900436031787665
2234,0.5897704399147005
2235,0.5894686148826578
2236,0.5892455834319618
2237,0.589193891998685
2238,0.589192271736448
2239,0.5893320349024633
2240,0.5895337509421729
2241,0.5897809042626238
2242,0.5900876323310018
2243,0.5904890140436797
2244,0.5909472902948297
2245,0.5915190821871535
2246,0.5919012927593414
2247,0.5930480667585311
2248,0.5941465154088953
2249,0.5949844517295575
2250,0.5953247609279689
2251,0.5943193306573373
2252,0.5924021190147748
2253,0.5873416842128494
2254,0.5820004963023141
2255,0.574329164042409
2256,0.5532643012191609
2257,0.5494255645144822
2258,0.5525553894513523
2259,0.5580857053329421
2260,0.561707330248977
2261,0.564553787436172
2262,0.569947929623282
2263,0.5702606485989962
2264,0.5583389322704516
2265,0.5545239132425288
2266,0.5665418043700506
2267,0.5655664773034088
2268,0.5687689820347611
2269,0.5922976207599164
2270,0.6236234382378666
2271,0.6651761557449328
2272,0.6890347429934119
2273,0.6951713913058972
2274,0.7085224355897761
2275,0.7146771082657785
2276,0.7186179852729256
2277,0.7207960391968213
2278,0.7229852829500111
2279,0.725283502397282
2280,0.7308955500174846
2281,0.7323965213567877
2282,0.7337776165045253
2283,0.7361562216019085
2284,0.7377175747571578
2285,0.7332401582960726
2286,0.7348241743442189
2287,0.7363494194372837
2288,0.7360156731641893
2289,0.7352250653600048
2290,0.7340246066724303
2291,0.7324489023064493
2292,0.7306625028837541
2293,0.7298623334684761
2294,0.7293420119853783
2295,0.7290105673337739
2296,0.7285993353424959
2297,0.7283424491645265
2298,0.7281951755443636
2299,0.7280865114838616
2300,0.7280192820506054
2301,0.7279713360913478
2302,0.7279544135557192
2303,0.7279428035024833
2304,0.7279335918385151
2305,0.7279349428133912
2306,0.7279261531966562
2307,0.7279240268653234
2308,0.7279163109151733
2309,0.7279136360910787
2310,0.7285139400682469
2311,0.7289341489774849
2312,0.7291518576793009
2313,0.7295835869050856
2314,0.7373521858108676
2315,0.7361923096989358
2316,0.7346216695011083
2317,0.7325989114574217
2318,0.68784798567903
2319,0.6843692611121553
2320,0.6588294930252974
2321,0.6339826200561434
2322,0.6218039651516575
2323,0.609617239935351
2324,0.5949247596374625
2325,0.5812322999474194
2326,0.5694696967708427
2327,0.5720870114075796
2328,0.564801823867237
2329,0.5597122307361077
2330,0.5560136421098557
2331,0.5531028131916116
2332,0.5498410485416303
2333,0.5495222940012171
2334,0.5525352494594439
2335,0.5551028145252204
2336,0.55846835692827
2337,0.559333847746267
2338,0.5730104310705362
2339,0.5730078330331161
2340,0.5742731706843927
2341,0.5756217866201404
2342,0.540740968456429
2343,0.5235660118640352
2344,0.5141559539063291
2345,0.5126238610892955
2346,0.5103040517589734
2347,0.5121804592165261
2348,0.5176249134892488
2349,0.5266834965325482
2350,0.5615561543720353
2351,0.568217207009325
2352,0.569838432437968
2353,0.5723836187709986
2354,0.5731569218979372
2355,0.5744476859314658
2356,0.5761509474679256
2357,0.577969047586058
2358,0.5791336891672539
2359,0.5799346685548932
2360,0.5806403151300273
2361,0.5813031195005397
2362,0.5816069246578115
2363,0.5806174833950151
2364,0.5792083567358643
2365,0.5775035342592402
2366,0.5764861518241993
2367,0.5760576212169678
2368,0.5756086273908183
2369,0.5744841989897638
2370,0.5618078445337736
2371,0.5589964563206502
2372,0.5545948652366389
2373,0.5492096677472981
2374,0.543941052903514
2375,0.5370318250456456
2376,0.5267754321291702
2377,0.5284810656948944
2378,0.5333831699346546
2379,0.5112279581106511
2380,0.5136821556903723
2381,0.513712856019021
2382,0.5139537628649067
2383,0.5231159688047601
2384,0.5213783783289573
2385,0.5319261927600615
2386,0.5298578341859053
2387,0.5442509155284282
2388,0.5758874494291903
2389,0.6054822210854524
2390,0.6178879235498185
2391,0.6187623189624889
2392,0.6196688850450337
2393,0.665356157995699
2394,0.6565106480520034
2395,0.6693793258088445
2396,0.6697120431166047
2397,0.6718028303444372
2398,0.6743169160788073
2399,0.6776136315451726
2400,0.6901117850715918
2401,0.6937995644239344
2402,0.6970874197475512
2403,0.7003450492864368
2404,0.7038998748993356
2405,0.708177239187779
2406,0.7134725013739383
2407,0.7190720295396309
2408,0.7220311766105573
2409,0.7229617231407244
2410,0.7228794317394176
2411,0.7221946905569434
2412,0.7217651530832042
2413,0.720959173907299
2414,0.7204184840395956
2415,0.7201665937967926
2416,0.7199976901509144
2417,0.7198960228909448
2418,0.7198236810824088
2419,0.7197937032652273
2420,0.7197508955437842
2421,0.7197402969101029
2422,0.7197169630834829
2423,0.7197150353912973
2424,0.719692451235807
2425,0.7196830772859164
2426,0.7196755444586844
2427,0.7205026785701534
2428,0.7216909460561401
2429,0.7230009011661864
2430,0.7252603668249581
2431,0.7276919738562132
2432,0.7295484634645646
2433,0.7304318253939746
2434,0.7312290321313086
2435,0.7326145705276188
2436,0.6887671254644594
2437,0.687814591355388
2438,0.6877666553551786
2439,0.6873331724510697
2440,0.6840084471440122
2441,0.6783085794498787
2442,0.6717652340882713
2443,0.6592327187839236
2444,0.5957223344198985
2445,0.5812567359388344
2446,0.5673607734321058
2447,0.5529663336113789
2448,0.5591895258555768
2449,0.548162465483289
2450,0.5395813105231383
2451,0.5372328194930525
2452,0.5349631120263294
2453,0.5208102782884954
2454,0.5205224743478941
2455,0.5256838704850965
2456,0.5281349414231071
2457,0.5468322728294792
2458,0.5576909864735011
2459,0.5670314403779854
2460,0.5768553963834202
2461,0.585923853685349
2462,0.6049291164043025
2463,0.6293574984221442
2464,0.6303864506222131
2465,0.617911614654443
2466,0.6169784306573667
2467,0.6038916090175759
2468,0.6038581938292957
2469,0.6022921816587593
2470,0.6043412499818873
2471,0.6043598499692321
2472,0.6050587091113453
2473,0.6068761656854773
2474,0.6083608613097204
2475,0.6089878415043423
2476,0.6086670388314807
2477,0.6079663998164818
2478,0.6193178260965151
2479,0.6182645833112925
2480,0.6176648586770679
2481,0.6175950234354074
2482,0.6176609273158395
2483,0.6178103725754729
2484,0.6180200918022404
2485,0.6183008959819727
2486,0.6180294411542774
2487,0.6170111574284756
2488,0.6153970110034909
2489,0.612561224122221
2490,0.6074854175509056
2491,0.6017420614989569
2492,0.5962712033191
2493,0.5911219232396245
2494,0.5880592544776211
2495,0.5740838921361033
2496,0.5684229263790963
2497,0.5678340599675772
2498,0.5669154808488035
2499,0.5720888724285824
2500,0.5392579576084467
2501,0.5320405986080012
2502,0.5527914107128292
2503,0.5477399918069181
2504,0.542865070989322
2505,0.5383022872832605
2506,0.5356773611148133
2507,0.5346455696289771
2508,0.5656465009247645
2509,0.5666278390726318
2510,0.573978989533155
2511,0.6129365067450032
2512,0.6461158075648507
2513,0.6798051059651472
2514,0.6906159465621657
2515,0.6995682194031166
2516,0.6547670867357969
2517,0.6620207472509784
2518,0.6655550197310104
2519,0.6678372449719262
2520,0.6691215612192675
2521,0.6708757855393879
2522,0.6699207029987476
2523,0.6688083506160886
2524,0.6691853371330185
2525,0.6693850336280365
2526,0.66829568320491
2527,0.6662499237634742
2528,0.6639751983399281
2529,0.7216415008118896
2530,0.7213778770238539
2531,0.6766565056844694
2532,0.675899408575975
2533,0.6756896895550522
2534,0.6755601245369588
2535,0.6755422187848462
2536,0.6757748352234572
2537,0.6759457606487758
2538,0.6760464035840481
2539,0.6761116011866749
2540,0.6761489588599013
2541,0.6761785029896313
2542,0.6761897022612063
2543,0.6761878256286951
2544,0.6761919330766586
2545,0.6761934536274635
2546,0.676205155180521
2547,0.6761855434425523
2548,0.6761958284766577
2549,0.676191948858687
2550,0.6769353482772016
2551,0.6777458252050322
2552,0.6783529622611161
2553,0.6794867835471834
2554,0.6818399518845706
2555,0.699326377531976
2556,0.6495899265399089
2557,0.645261329656499
2558,0.6416199009676198
2559,0.6397934426949555
2560,0.6369892259491068
2561,0.6323193670981704
2562,0.6240826278222709
2563,0.625026372875652
2564,0.6117883768630209
2565,0.5989527747492561
2566,0.5866168632990236
2567,0.5738328907035466
2568,0.5622550192935162
2569,0.5418526465919576
2570,0.5205945615555744
2571,0.512345269102366
2572,0.5060755646705712
2573,0.5033998514367194
2574,0.47049165285037575
2575,0.4673236837259565
2576,0.4736650813874499
2577,0.4809389000234184
2578,0.48769980877359037
2579,0.4932908249385593
2580,0.4987660979194093
2581,0.5040069646529962
2582,0.5088291781261546
2583,0.5159336727441323
2584,0.5233915000302323
2585,0.5301571210067587
2586,0.5352658305391395
2587,0.5381061097639727
2588,0.5420585903336985
2589,0.5458626755231313
2590,0.5739700676824818
2591,0.5771043196280015
2592,0.5746156033242882
2593,0.5756781510597523
2594,0.5772393846996899
2595,0.5779891801246899
2596,0.5783878247204725
2597,0.5786767481769273
2598,0.5788284393420903
2599,0.5791342483916154
2600,0.5796548893582594
2601,0.5802628249200157
2602,0.5809641856603261
2603,0.5815121481724845
2604,0.5826270658818371
2605,0.5837448476878008
2606,0.5842381058247325
2607,0.5831228573865358
2608,0.5815388101047096
2609,0.5801516806540158
2610,0.5780984456525688
2611,0.5720090605890206
2612,0.5667210178478267
2613,0.560430810221386
2614,0.5550342473126709
2615,0.5488240783933473
2616,0.5424913802465725
2617,0.5409026226138638
2618,0.5439572122399378
2619,0.5473270391503701
2620,0.5486196334748652
2621,0.5473260315955134
2622,0.5474009695071238
2623,0.5459161843068079
2624,0.545039010014742
2625,0.5421794371668538
2626,0.5406340725439028
2627,0.5417718357142257
2628,0.5718622829485477
2629,0.5783710320812636
2630,0.5840604815005067
2631,0.602616512284878
2632,0.613100821999883
2633,0.6775611587630427
2634,0.6834012849201369
2635,0.6917053491225318
2636,0.7113944189936428
2637,0.7158990916313287
2638,0.7201128187713071
2639,0.7249124638864374
2640,0.7288421636112892
2641,0.7305707553100138
